filename;rating
./Alpine/A110.jpg;4
./Alpine/A310.jpg;4
./Alpine/A310_1.jpg;4
./Alpine/A310_2.jpg;4
./Alpine/A610.jpg;5
./Alpine/A610_1.jpg;5
./Alpine/GTA.jpg;5
./Audi/8L.jpg;6
./Audi/8L_1.jpg;6
./Audi/8L_2.jpg;6
./Audi/8P.jpg;6
./Audi/8P_1.jpg;6
./Audi/8V.jpg;5
./Audi/8V_1.jpg;5
./Audi/8V_2.jpg;5
./Audi/8Y.jpg;6
./Audi/8Y_1.jpg;6
./Audi/8Y_2.jpg;6
./Audi/A1.jpg;8
./Audi/A1_1.jpg;8
./Audi/A1_2.jpg;5
./Audi/A1_3.jpg;5
./Audi/A5.jpg;7
./Audi/A5_1.jpg;7
./Audi/A5_2.jpg;7
./Audi/A5_3.jpg;7
./Audi/A5_4.jpg;7
./Audi/A5_5.jpg;7
./Audi/A7.jpg;6
./Audi/A7_1.jpg;6
./Audi/A7_2.jpg;6
./Audi/A7_3.jpg;6
./Audi/B10.jpg;3
./Audi/B10_1.jpg;2
./Audi/B10_2.jpg;3
./Audi/B3.jpg;3
./Audi/B3_1.jpg;3
./Audi/B4.jpg;3
./Audi/B4_1.jpg;3
./Audi/B4_2.jpg;2
./Audi/B5.jpg;5
./Audi/B5_1.jpg;5
./Audi/B5_2.jpg;3
./Audi/B5_3.jpg;3
./Audi/B6.JPG;2
./Audi/B6_1.jpg;3
./Audi/B6_2.jpg;2
./Audi/B7.jpg;3
./Audi/B7_1.jpg;3
./Audi/B7_2.jpg;2
./Audi/B7_3.jpg;5
./Audi/B8.jpg;3
./Audi/B8_1.JPG;2
./Audi/B8_2.JPG;3
./Audi/B8_3.jpg;2
./Audi/B9.jpg;3
./Audi/B9_1.jpg;3
./Audi/B9_2.jpg;3
./Audi/B9_3.jpg;3
./Audi/B9_4.jpg;2
./Audi/B9_5.jpg;2
./Audi/C4.jpg;2
./Audi/C4_1.JPG;2
./Audi/C4_2.jpg;1
./Audi/C5.jpg;2
./Audi/C5_1.jpg;2
./Audi/C5_2.jpg;1
./Audi/C6.jpg;2
./Audi/C6_1.jpg;2
./Audi/C6_2.jpg;1
./Audi/C7.jpg;2
./Audi/C7_2.jpg;2
./Audi/C7_3.JPG;1
./Audi/C8.jpg;2
./Audi/C8_1.jpg;2
./Audi/D2.jpg;2
./Audi/D2_1.jpg;2
./Audi/D3.jpg;2
./Audi/D3_1.jpg;2
./Audi/D4.jpg;2
./Audi/D4_1.jpg;2
./Audi/Q5.JPG;3
./Audi/Q5_1.jpg;3
./Audi/Q5_2.jpg;3
./Audi/Q5_3.jpg;3
./Audi/Q7.jpg;3
./Audi/Q7_1.jpg;3
./Audi/Q7_2.jpg;3
./Audi/Q7_3.jpg;3
./BMW/BMWMabob.jpg;10
./BMW/E24.JPG;6
./BMW/E24_1.jpg;6
./BMW/E30.jpg;5
./BMW/E30_1.jpg;5
./BMW/E30_2.JPG;5
./BMW/E31.jpg;6
./BMW/E31_1.jpg;6
./BMW/E31_2.jpg;6
./BMW/E32.jpg;3
./BMW/E32_1.jpg;3
./BMW/E34.jpg;4
./BMW/E34_1.jpg;4
./BMW/E34_2.jpg;4
./BMW/E36.jpg;5
./BMW/E36_1.jpg;5
./BMW/E36_2.jpg;5
./BMW/E36_3.jpg;5
./BMW/E36_4.jpg;5
./BMW/E36_5.jpg;5
./BMW/E36_6.JPG;5
./BMW/E36_7.jpg;5
./BMW/E36_8.jpg;5
./BMW/E38.jpg;3
./BMW/E38_1.jpg;3
./BMW/E38_2.jpg;3
./BMW/E39.jpg;5
./BMW/E39_1.jpg;4
./BMW/E39_2.jpg;4
./BMW/E46.jpeg;5
./BMW/E46_1.jpeg;5
./BMW/E46_3.jpeg;5
./BMW/E46_4.jpg;5
./BMW/E46_5.jpg;5
./BMW/E46_6.jpg;5
./BMW/E46_7.jpg;5
./BMW/E46_8.jpg;5
./BMW/E53.jpg;6
./BMW/E53_1.jpg;6
./BMW/E60.jpg;7
./BMW/E60_1.jpg;7
./BMW/E61.jpg;7
./BMW/E63.jpg;8
./BMW/E63_1.jpg;8
./BMW/E65.jpg;2
./BMW/E65_1.jpg;2
./BMW/E70.jpg;6
./BMW/E70_1.jpg;6
./BMW/E71.jpg;9
./BMW/E71_1.jpg;9
./BMW/E71_2.jpg;9
./BMW/E83.jpg;6
./BMW/E90.jpg;5
./BMW/E90_1.jpg;5
./BMW/E90_2.jpg;5
./BMW/E91.jpg;4
./BMW/E91_1.jpg;4
./BMW/E91_2.jpg;4
./BMW/E92.jpg;7
./BMW/E93.JPG;8
./BMW/E93_1.jpg;8
./BMW/F01.jpg;3
./BMW/F01_1.jpg;3
./BMW/F06.jpg;8
./BMW/F06_1.jpg;8
./BMW/F10.jpg;4
./BMW/F10_1.jpg;4
./BMW/F10_2.jpg;4
./BMW/F12.jpg;8
./BMW/F13.JPG;8
./BMW/F15.jpg;6
./BMW/F15_1.jpg;6
./BMW/F16.jpg;8
./BMW/F16_1.jpg;8
./BMW/F25.jpg;6
./BMW/F25_1.jpg;6
./BMW/F30.jpg;5
./BMW/F30_1.jpg;5
./BMW/F31.jpg;4
./BMW/G01.jpg;6
./BMW/G01_1.jpg;6
./BMW/G06.jpg;8
./BMW/G06_1.jpg;8
./BMW/G11.jpg;3
./BMW/G11_1.jpg;3
./BMW/G14_1.jpg;7
./BMW/G15.jpg;8
./BMW/G15_1.jpg;8
./BMW/G16.jpg;8
./BMW/G20.jpg;5
./BMW/G20_1.jpg;5
./BMW/G21.jpg;4
./BMW/G30.jpg;4
./BMW/G30_1.jpg;4
./BMW/G31.jpg;3
./BMW/G60.jpg;5
./BMW/G60_1.jpg;5
./BMW/G61.jpg;4
./BMW/G70.jpg;4
./BMW/G70_1.jpg;4
./BMW/i3.jpg;10
./BMW/i3_1.jpg;10
./BMW/M3.jpg;6
./BMW/M3_1.jpg;6
./BMW/M3_2.jpg;6
./BMW/M3_3.jpg;6
./BMW/M3_4.jpg;6
./BMW/M3_5.jpg;6
./BMW/M3_6.jpg;7
./BMW/M3_7.jpg;7
./BMW/X7.jpg;6
./BMW/X7_1.jpg;6
./BMW/XM.jpg;8
./BMW/XM_1.jpg;8
./BMW/Z1.jpg;9
./BMW/Z1_1.jpg;9
./BMW/Z3.jpg;7
./BMW/Z3_1.jpg;7
./BMW/Z3_2.jpg;7
./BMW/Z4.jpg;7
./BMW/Z4_1.jpg;7
./BMW/Z4_2.jpg;7
./BMW/Z4_3.jpg;7
./BMW/Z4_4.jpg;7
./BMW/Z4_5.jpg;7
./BMW/Z8.jpg;6
./BMW/Z8_1.jpg;6
./Chevrolet/C3.jpg;6
./Chevrolet/C3_1.jpg;6
./Chevrolet/C4.jpg;7
./Chevrolet/C4_1.jpg;7
./Chevrolet/C5.jpg;6
./Chevrolet/C5_1.jpg;6
./Chevrolet/C5_2.jpg;6
./Chevrolet/C6.jpg;5
./Chevrolet/C6_1.jpg;5
./Chevrolet/C7.jpg;5
./Chevrolet/C7_1.jpg;5
./Chevrolet/C8.jpg;6
./Chevrolet/C8_1.jpg;6
./Chevrolet/Camaro.jpg;4
./Chevrolet/Camaro_1.jpg;7
./Chevrolet/Camaro_2.jpg;5
./Chevrolet/Camaro_3.jpg;7
./Chevrolet/Camaro_4.jpg;4
./Chevrolet/Camaro_5.jpg;4
./Chevrolet/Camaro_6.jpg;4
./Chevrolet/Camaro_7.jpg;4
./Chevrolet/Impala.jpg;1
./Chevrolet/Impala_1.jpg;1
./Chevrolet/Impala_2.jpg;1
./Chevrolet/Impala_3.jpg;1
./Chevrolet/Impala_4.jpg;1
./Chevrolet/Impala_5.jpg;1
./Chevrolet/Impala_7.jpg;1
./Chevrolet/Impala_8.jpg;5
./Chrysler/300C.jpg;5
./Chrysler/300C_1.jpg;5
./Chrysler/300C_2.jpg;5
./Chrysler/300C_3.jpg;5
./Chrysler/300C_4.jpg;5
./Chrysler/300C_5.jpg;4
./Chrysler/300C_6.jpg;5
./Chrysler/300C_7.jpg;5
./Chrysler/Crossfire.jpg;8
./Chrysler/Crossfire_1.jpg;8
./Chrysler/Crossfire_2.JPG;8
./Chrysler/Crossfire_3.jpg;8
./Chrysler/Neon.jpg;3
./Chrysler/Neon_1.jpg;3
./Chrysler/Neon_2.jpg;3
./Chrysler/Neon_3.jpg;3
./Chrysler/Neon_4.jpg;3
./Chrysler/Neon_5.jpg;3
./Chrysler/Pacifica.jpg;0
./Chrysler/Pacifica_1.jpg;0
./Chrysler/Pacifica_2.jpg;0
./Chrysler/Pacifica_3.jpg;0
./Chrysler/PT_Cruiser.jpg;9
./Chrysler/PT_Cruiser_1.jpg;9
./Chrysler/PT_Cruiser_2.jpg;9
./Chrysler/PT_Cruiser_3.jpg;9
./Chrysler/PT_Cruiser_4.jpg;9
./Chrysler/PT_Cruiser_5.jpg;9
./Chrysler/PT_Cruiser_6.jpg;9
./Chrysler/PT_Cruiser_7.jpg;9
./Chrysler/Sebring.jpg;5
./Chrysler/Sebring_1.jpg;5
./Chrysler/Sebring_2.JPG;5
./Chrysler/Sebring_3.jpg;5
./Chrysler/Sebring_4.jpg;5
./Chrysler/Sebring_5.jpg;5
./Chrysler/Sebring_6.jpg;5
./Chrysler/Sebring_7.jpg;5
./Chrysler/Sebring_8.jpg;5
./Chrysler/Sebring_9.jpg;5
./Chrysler/TC.jpg;1
./Chrysler/TC_1.jpg;1
./Chrysler/TC_2.jpg;1
./Chrysler/TC_3.jpg;1
./Chrysler/TC_4.jpg;1
./Citroen/Belingo.jpg;0
./Citroen/Berlingo_1.jpg;0
./Citroen/Berlingo_2.jpg;0
./Citroen/Berlingo_3.jpg;0
./Citroen/Berlingo_4.jpg;0
./Citroen/Berlingo_5.jpg;0
./Citroen/Berlingo_6.jpg;0
./Citroen/BX.jpg;7
./Citroen/BX_1.jpg;7
./Citroen/C1.jpg;8
./Citroen/C1_1.jpg;8
./Citroen/C2.jpg;8
./Citroen/C2_1.jpg;8
./Citroen/C3.jpg;8
./Citroen/C3_1.jpg;8
./Citroen/C3_2.jpg;6
./Citroen/C3_3.jpg;6
./Citroen/C4.jpg;7
./Citroen/C4_1.jpg;7
./Citroen/C4_2.jpg;7
./Citroen/C4_3.jpg;7
./Citroen/C4_4.jpg;7
./Citroen/C5.jpg;6
./Citroen/C5_1.JPG;6
./Citroen/C5_2.jpg;6
./Citroen/C5_3.jpg;4
./Citroen/C5_4.JPG;5
./Citroen/C5_5.jpg;3
./Citroen/C5_6.jpg;5
./Citroen/C6.jpg;8
./Citroen/C6_1.jpg;8
./Citroen/CX.JPG;7
./Citroen/CX_1.jpg;7
./Citroen/CX_2.jpg;7
./Citroen/CX_3.jpg;7
./Citroen/CX_4.jpg;9
./Citroen/Pluriel.jpg;10
./Citroen/Pluriel_1.jpg;10
./Citroen/Saxo.jpg;3
./Citroen/Saxo_1.jpg;3
./Citroen/Xantia.jpg;4
./Citroen/Xantia_1.jpg;4
./Citroen/XM.jpg;6
./Citroen/XM_1.jpg;6
./Citroen/Xsara.jpg;3
./Citroen/Xsara_1.jpg;3
./Citroen/Xsara_2.JPG;3
./Citroen/ZX.jpg;2
./Citroen/ZX_1.jpg;2
./Dacia/Duster_.jpg;4
./Dacia/Duster_1.jpg;4
./Dacia/Duster_2.JPG;4
./Dacia/Duster_3.jpg;4
./Dacia/Duster_4.jpg;4
./Dacia/Duster_5.jpg;4
./Dacia/Duster_6.jpg;4
./Dacia/Duster_7.jpg;4
./Dacia/Sandero.jpg;6
./Dacia/Sandero_1.jpg;6
./Dacia/Sandero_2.jpg;6
./Dacia/Sandero_3.jpg;6
./Dacia/Sandero_4.jpg;6
./Dacia/Sandero_5.jpg;6
./Dacia/Sandero_6.jpg;6
./Daewoo/Aveo.jpg;4
./Daewoo/Aveo_1.jpg;4
./Daewoo/Aveo_2.jpg;2
./Daewoo/Aveo_3.jpg;2
./Daewoo/Aveo_4.jpg;4
./Daewoo/Aveo_5.jpg;4
./Daewoo/Espero.jpg;6
./Daewoo/Espero_1.jpg;6
./Daewoo/Lacetti.jpg;3
./Daewoo/Lacetti_1.jpg;3
./Daewoo/Lacetti_2.jpg;3
./Daewoo/Lacetti_3.jpg;3
./Daewoo/Lanos.JPG;2
./Daewoo/Lanos_1.JPG;2
./Daewoo/Lanos_2.jpg;2
./Daewoo/Leganza.jpg;6
./Daewoo/Leganza_1.jpg;6
./Daewoo/Matiz.JPG;7
./Daewoo/Matiz_1.JPG;7
./Daewoo/Matiz_2.jpg;7
./Daewoo/Matiz_3.jpg;7
./Daewoo/Nexia.jpg;4
./Daewoo/Nexia_1.jpg;4
./Daewoo/Nexia_2.jpg;4
./Daewoo/Nubira.jpg;7
./Daewoo/Nubira_1.jpg;7
./Daewoo/Nubira_2.jpg;7
./Daewoo/Nubira_3.jpg;7
./Daewoo/Tico.jpg;8
./Daewoo/Tico_1.jpg;8
./DS/DS3.jpg;6
./DS/DS3_1.jpg;6
./DS/DS3_2.jpg;6
./DS/DS3_3.jpg;6
./DS/DS4.jpg;4
./DS/DS4_1.jpg;4
./DS/DS4_2.jpg;4
./DS/DS4_3.jpg;4
./DS/DS4_4.jpg;4
./DS/DS4_5.jpg;4
./DS/DS7.jpg;4
./DS/DS7_1.jpg;4
./DS/DS9.jpg;4
./DS/DS9_1.jpg;4
./Fiat/124Spider.jpg;10
./Fiat/124Spider_1.jpg;10
./Fiat/124Spider_2.jpg;10
./Fiat/124Sport.jpg;4
./Fiat/126.jpg;8
./Fiat/126_1.jpg;8
./Fiat/126_2.JPG;8
./Fiat/126_3.jpg;8
./Fiat/500.JPG;9
./Fiat/500X.jpg;9
./Fiat/500X_1.jpg;9
./Fiat/500X_2.jpg;9
./Fiat/500X_3.jpg;9
./Fiat/500X_4.jpg;9
./Fiat/500_1.jpg;9
./Fiat/500_2.jpg;9
./Fiat/500_3.jpg;9
./Fiat/500_4.jpg;9
./Fiat/500_5.jpg;9
./Fiat/500_6.JPG;9
./Fiat/500_7.jpg;9
./Fiat/500_8.jpg;9
./Fiat/595_1.jpg;10
./Fiat/595_2.jpg;10
./Fiat/595_3.jpg;10
./Fiat/595_4.jpg;10
./Fiat/595_5.jpg;10
./Fiat/600.jpg;8
./Fiat/600_1.jpg;8
./Fiat/Abarth.jpg;10
./Fiat/Abarth_1.jpg;10
./Fiat/Barchetta.jpg;9
./Fiat/Barchetta_1.jpg;9
./Fiat/Bravo.jpg;6
./Fiat/Bravo_1.jpg;6
./Fiat/Bravo_2.jpg;6
./Fiat/Cienki.jpg;3
./Fiat/Cinquecento.jpg;3
./Fiat/CinquecentoSporting.jpg;4
./Fiat/Cinquecento_1.jpg;3
./Fiat/Coupe.jpg;9
./Fiat/Coupe_1.jpg;9
./Fiat/Ducato-2.JPG;0
./Fiat/Ducato.jpg;0
./Fiat/Ducato_1.jpg;0
./Fiat/Ducato_3.JPG;0
./Fiat/Ducato_4.jpg;0
./Fiat/Ducato_5.jpg;0
./Fiat/Ducato_6.jpg;0
./Fiat/Ducato_7.jpg;0
./Fiat/Fiorno.JPG;0
./Fiat/Fiorno_1.JPG;0
./Fiat/Fiorno_2.jpg;0
./Fiat/Fiorno_3.jpg;0
./Fiat/Linea.jpg;3
./Fiat/Linea_1.JPG;3
./Fiat/Multipla.jpg;7
./Fiat/Multipla_1.jpg;7
./Fiat/Multipla_2.JPG;5
./Fiat/Multipla_3.JPG;5
./Fiat/Panda.jpg;4
./Fiat/Panda_1.jpg;4
./Fiat/Panda_2.jpg;4
./Fiat/Panda_3.jpg;4
./Fiat/Panda_4.jpg;4
./Fiat/Panda_5.jpg;4
./Fiat/Popemobil.jpg;1
./Fiat/Punto.JPG;4
./Fiat/Punto_1.jpg;4
./Fiat/Punto_2.jpg;4
./Fiat/Punto_3.jpg;4
./Fiat/Punto_4.jpg;4
./Fiat/Punto_5.jpg;4
./Fiat/Punto_6.jpg;4
./Fiat/Punto_7.jpg;4
./Fiat/Seicento.jpg;3
./Fiat/Stilo.jpg;6
./Fiat/Stilo_1.JPG;6
./Fiat/Stilo_2.JPG;2
./Fiat/Tipo.jpg;2
./Fiat/Tipo_1.jpg;2
./Fiat/Tipo_2.jpg;2
./Fiat/Tipo_3.jpg;2
./Fiat/Uno.jpg;1
./Fiat/Uno_1.jpg;1
./Fiat/Uno_2.jpg;1
./Fiat/Uno_3.jpg;1
./Fiat/Uno_4.jpg;1
./Ford/Fiesta.jpg;4
./Ford/Fiesta_1.jpg;4
./Ford/Fiesta_2.jpg;2
./Ford/Fiesta_3.jpg;2
./Ford/Fiesta_4.jpg;2
./Ford/Fiesta_5.jpg;2
./Ford/Fiesta_6.jpg;2
./Ford/Fiesta_7.jpg;2
./Ford/Fiesta_8.jpg;2
./Ford/Focus.jpg;2
./Ford/Focus_1.jpg;2
./Ford/Focus_10.JPG;2
./Ford/Focus_11.jpg;2
./Ford/Focus_12.jpg;2
./Ford/Focus_13.jpg;2
./Ford/Focus_14.jpg;2
./Ford/Focus_15.jpg;2
./Ford/Focus_16.jpg;2
./Ford/Focus_17.jpg;2
./Ford/Focus_18.jpg;2
./Ford/Focus_19.jpg;2
./Ford/Focus_2.jpg;2
./Ford/Focus_20.jpg;2
./Ford/Focus_3.jpg;2
./Ford/Focus_4.jpg;2
./Ford/Focus_5.jpg;2
./Ford/Focus_6.jpg;2
./Ford/Focus_7.jpg;2
./Ford/Focus_8.jpg;2
./Ford/Focus_9.jpg;2
./Ford/Galaxy.jpg;0
./Ford/Galaxy_1.jpg;0
./Ford/Galaxy_2.jpg;0
./Ford/Galaxy_3.jpg;0
./Ford/Galaxy_4.jpg;0
./Ford/Galaxy_5.jpg;0
./Ford/Galaxy_6.jpg;0
./Ford/JokeStang.jpg;10
./Ford/Ka.jpg;9
./Ford/Ka_1.jpg;9
./Ford/Ka_2.jpg;9
./Ford/Ka_3.JPG;9
./Ford/Ka_4.jpg;9
./Ford/Ka_5.jpg;9
./Ford/Kuga.jpg;2
./Ford/Kuga_1.jpg;2
./Ford/Kuga_2.jpg;2
./Ford/Kuga_3.jpg;2
./Ford/Kuga_4.jpg;2
./Ford/Kuga_5.jpg;2
./Ford/Kuga_6.jpg;2
./Ford/MachE.jpg;8
./Ford/MachE_1.jpg;8
./Ford/Mondeo.jpg;1
./Ford/Mondeo_1.jpg;1
./Ford/Mondeo_10.jpg;1
./Ford/Mondeo_11.jpg;1
./Ford/Mondeo_2.jpg;1
./Ford/Mondeo_3.jpg;1
./Ford/Mondeo_4.jpg;1
./Ford/Mondeo_5.jpg;1
./Ford/Mondeo_6.jpg;1
./Ford/Mondeo_7.jpg;1
./Ford/Mondeo_8.jpg;1
./Ford/Mondeo_9.jpg;1
./Ford/Mustang.jpg;6
./Ford/Mustang_1.jpg;6
./Ford/Mustang_10.jpg;6
./Ford/Mustang_11.jpg;6
./Ford/Mustang_12.jpg;6
./Ford/Mustang_13.jpg;6
./Ford/Mustang_2.jpg;6
./Ford/Mustang_3.jpg;6
./Ford/Mustang_4.jpg;6
./Ford/Mustang_5.jpg;6
./Ford/Mustang_6.jpg;6
./Ford/Mustang_7.jpg;6
./Ford/Mustang_8.jpg;6
./Ford/Mustang_9.jpg;6
./Ford/Puma.jpg;10
./Ford/Puma_1.jpg;10
./Ford/StreetKa.jpg;10
./Ford/StreetKa_1.jpg;10
./Ford/Transit.jpg;0
./Ford/TransitConnect.jpg;0
./Ford/TransitConnect_1.JPG;0
./Ford/TransitConnect_2.jpg;0
./Ford/TransitConnect_3.JPG;0
./Ford/TransitConnect_4.jpg;0
./Ford/TransitConnect_5.jpg;0
./Ford/TransitConnect_6.jpg;0
./Ford/TransitConnect_7.jpg;0
./Ford/TransitCustom.jpg;0
./Ford/TransitCustom_1.jpg;0
./Ford/TransitCustom_2.jpg;0
./Ford/TransitCustom_3.jpg;0
./Ford/TransitCustom_4.jpg;0
./Ford/Transit_1.jpg;0
./Ford/Transit_2.JPG;0
./Ford/Transit_3.JPG;0
./Ford/Transit_4.jpg;0
./Ford/Transit_5.jpg;0
./Gaz/13.jpg;1
./Gaz/13_1.jpg;1
./Gaz/13_2.jpg;1
./Gaz/14.jpg;1
./Gaz/14_1.jpg;1
./Gaz/14_2.jpg;1
./Gaz/14_3.jpg;1
./Gaz/24.jpg;1
./Gaz/24_1.jpg;1
./Gaz/24_2.jpg;1
./Gaz/24_3.jpg;1
./Gaz/24_4.jpg;1
./Gaz/31029.jpg;1
./Gaz/31029_1.jpg;1
./Gaz/3110.jpg;1
./Gaz/3110_1.jpg;1
./Gaz/69.jpg;0
./Gaz/69_1.JPG;0
./Gaz/69_2.jpg;0
./Gaz/69_3.jpg;0
./Gaz/M21.jpg;1
./Gaz/M21_2.jpg;1
./Gaz/Volga.jpg;1
./Honda/AccordV.jpg;5
./Honda/AccordVI.jpg;5
./Honda/AccordVII.jpg;5
./Honda/AccordVII_1.jpg;5
./Honda/AccordVII_2.jpg;5
./Honda/AccordVI_1.jpg;5
./Honda/AccordV_1.jpg;5
./Honda/beat.jpg;8
./Honda/beat_1.jpg;8
./Honda/CivicX.jpg;3
./Honda/CivicXI.jpg;3
./Honda/CivicXI_2.jpg;3
./Honda/CivicX_1.jpg;3
./Honda/E.jpg;9
./Honda/EK9.jpg;7
./Honda/EK9_1.jpg;7
./Honda/EP3.JPG;5
./Honda/EP3_1.JPG;5
./Honda/FK2.jpg;6
./Honda/FK2_1.jpg;6
./Honda/FK8.jpg;6
./Honda/FK8_2.jpg;6
./Honda/FN2.JPG;8
./Honda/FN2_1.JPG;8
./Honda/IV.jpg;2
./Honda/IV_1.jpg;2
./Honda/IX.jpg;2
./Honda/IX_2.jpg;2
./Honda/Jazz.jpg;7
./Honda/Jazz_1.jpg;7
./Honda/Jazz_Crosstar.jpg;2
./Honda/Jazz_Crosstar_2.jpg;2
./Honda/Jazz_Crosstar_3.jpg;2
./Honda/Jazz_Navi.jpg;3
./Honda/Jazz_Navi_2.jpg;3
./Honda/Legend1.jpg;2
./Honda/Legend1_1.jpg;2
./Honda/Legend2.jpg;2
./Honda/Legend2_1.jpg;2
./Honda/S660.jpg;8
./Honda/S660_1.jpg;8
./Honda/S660_2.jpg;8
./Honda/S660_3.jpg;8
./Honda/V.jpg;3
./Honda/VCoupe.jpg;3
./Honda/VCoupe_1.jpg;4
./Honda/VI.jpg;7
./Honda/VII.jpg;4
./Honda/VIII.jpg;4
./Honda/VIII_1.jpg;4
./Honda/VII_1.jpg;4
./Honda/VII_2.jpg;4
./Honda/VI_1.jpg;6
./Honda/V_1.jpg;4
./Jaguar/F.jpg;8
./Jaguar/F_1.jpg;8
./Jaguar/F_2.jpg;8
./Jaguar/S.jpg;7
./Jaguar/S_1.jpg;7
./Jaguar/X.jpg;5
./Jaguar/XE.jpg;3
./Jaguar/XE_1.jpg;3
./Jaguar/XF.jpg;3
./Jaguar/XF_1.jpg;3
./Jaguar/XF_2.jpg;3
./Jaguar/XF_3.jpg;3
./Jaguar/XF_4.jpg;3
./Jaguar/XJ.jpg;6
./Jaguar/XJS.jpg;6
./Jaguar/XJS_1.jpg;6
./Jaguar/XJS_2.jpg;6
./Jaguar/XJ_1.jpg;3
./Jaguar/XJ_2.jpg;3
./Jaguar/XJ_3.jpg;3
./Jaguar/XJ_4.jpg;3
./Jaguar/XJ_5.jpg;3
./Jaguar/XJ_6.jpg;3
./Jaguar/XJ_7.jpg;3
./Jaguar/XK.jpg;7
./Jaguar/XK_1.jpg;7
./Jaguar/X_1.jpg;3
./Lada/110.jpg;1
./Lada/110_1.jpg;1
./Lada/110_2.jpg;1
./Lada/110_3.jpg;1
./Lada/111.jpg;1
./Lada/111_1.jpg;1
./Lada/112.jpg;1
./Lada/112_2.jpg;1
./Lada/Niva.jpg;0
./Lada/Niva_1.jpg;0
./Lada/Niva_2.jpg;0
./Lada/Niva_3.jpg;0
./Lada/Niva_4.jpg;0
./Lada/Riva.jpg;1
./Lada/Riva_1.JPG;1
./Lada/Riva_2.jpg;1
./Lada/Riva_3.jpg;1
./Lada/Riva_4.jpg;1
./Lada/Samara.jpg;2
./Lada/Samara_1.jpg;2
./Lada/Samara_2.jpg;1
./Lada/Samara_3.jpg;1
./Lada/Samara_4.jpg;1
./Lada/Samara_5.jpg;1
./Lada/Samara_6.jpg;1
./Lancia/Delta.JPG;8
./Lancia/Delta_1.jpg;8
./Lancia/Ypsilon.jpg;8
./Lancia/Ypsilon_1.jpg;8
./Lancia/Ypsilon_10.jpg;8
./Lancia/Ypsilon_2.JPG;8
./Lancia/Ypsilon_3.jpg;8
./Lancia/Ypsilon_4.JPG;8
./Lancia/Ypsilon_5.jpg;8
./Lancia/Ypsilon_6.jpg;8
./Lancia/Ypsilon_7.jpg;8
./Lancia/Ypsilon_8.jpg;8
./Lancia/Ypsilon_9.jpg;8
./Lexus/CT.jpg;6
./Lexus/CT_1.jpg;6
./Lexus/ES.jpg;3
./Lexus/ES_1.jpg;3
./Lexus/GS.jpg;4
./Lexus/GS_1.jpg;4
./Lexus/GS_2.jpg;4
./Lexus/GS_3.jpg;4
./Lexus/GS_4.jpg;4
./Lexus/GS_5.JPG;4
./Lexus/GS_6.jpg;4
./Lexus/GS_7.jpg;4
./Lexus/GS_8.jpg;4
./Lexus/IS.jpg;4
./Lexus/IS_1.jpg;4
./Lexus/IS_2.jpg;4
./Lexus/IS_3.jpg;4
./Lexus/IS_4.jpg;4
./Lexus/IS_5.jpg;4
./Lexus/LS400.jpg;2
./Lexus/LS400_1.jpg;2
./Lexus/LS400_2.jpg;2
./Lexus/LS400_3.jpg;2
./Lexus/LS430.jpg;2
./Lexus/LS430_1.jpg;2
./Lexus/LS500.jpg;2
./Lexus/LS500_1.jpg;2
./Lexus/LS600h.JPG;2
./Lexus/LS600h_1.JPG;2
./Lexus/RC.jpg;6
./Lexus/RC_1.jpg;6
./Lexus/SC300.jpg;5
./Lexus/SC300_1.jpg;5
./Lexus/SC430.JPG;7
./Lexus/SC430_1.jpg;7
./Mazda/2.jpg;4
./Mazda/2_1.jpg;4
./Mazda/2_2.jpg;4
./Mazda/2_3.jpg;4
./Mazda/2_4.jpg;2
./Mazda/2_5.jpg;2
./Mazda/3.jpg;2
./Mazda/3_1.jpg;2
./Mazda/3_2.jpg;2
./Mazda/3_3.jpg;2
./Mazda/3_4.jpg;2
./Mazda/3_5.jpg;2
./Mazda/3_6.jpg;2
./Mazda/3_7.JPG;2
./Mazda/3_8.JPG;2
./Mazda/6.jpg;3
./Mazda/6_1.jpg;3
./Mazda/6_2.jpg;3
./Mazda/6_3.jpg;3
./Mazda/6_4.jpg;3
./Mazda/6_5.jpg;3
./Mazda/6_6.jpg;3
./Mazda/6_7.jpg;3
./Mazda/CX30.jpg;5
./Mazda/MX5.jpg;10
./Mazda/MX5_1.jpg;10
./Mazda/MX5_10.JPG;10
./Mazda/MX5_2.jpg;10
./Mazda/MX5_3.jpg;10
./Mazda/MX5_4.jpg;10
./Mazda/MX5_5.jpg;10
./Mazda/MX5_6.jpg;10
./Mazda/MX5_7.jpg;10
./Mazda/MX5_8.jpg;10
./Mazda/MX5_9.jpg;10
./Mazda/RX7.jpg;6
./Mazda/RX7_1.JPG;6
./Mazda/RX7_2.jpg;6
./Mazda/RX7_3.jpg;6
./Mazda/RX8.jpg;8
./Mazda/RX8_1.JPG;8
./Mercedes/6x6.JPG;8
./Mercedes/6x6_1.jpg;8
./Mercedes/A205.jpg;6
./Mercedes/A205_1.jpg;6
./Mercedes/C124.jpg;7
./Mercedes/C140.JPG;4
./Mercedes/C140_1.jpg;4
./Mercedes/C215.jpg;4
./Mercedes/C215_1.jpg;4
./Mercedes/C216.jpg;4
./Mercedes/C216_1.jpg;4
./Mercedes/C218.jpg;5
./Mercedes/C218_1.jpg;5
./Mercedes/C219.jpg;5
./Mercedes/C219_1.jpg;5
./Mercedes/C238.jpg;3
./Mercedes/C257.jpg;3
./Mercedes/C257_1.jpg;3
./Mercedes/E81.jpg;6
./Mercedes/E81_1.jpg;6
./Mercedes/E82.jpg;6
./Mercedes/E88.jpg;8
./Mercedes/EQE.jpg;7
./Mercedes/EQE_1.jpg;7
./Mercedes/EQS.jpg;6
./Mercedes/EQS_1.jpg;6
./Mercedes/F20.jpg;5
./Mercedes/F20_1.jpg;5
./Mercedes/F22.jpg;5
./Mercedes/F22_1.jpg;5
./Mercedes/F23.jpg;7
./Mercedes/F40.jpg;4
./Mercedes/F40_1.jpg;4
./Mercedes/F70.jpg;5
./Mercedes/F70_1.jpg;5
./Mercedes/G42.jpg;6
./Mercedes/G42_1.jpg;6
./Mercedes/G45.jpg;4
./Mercedes/G45_1.jpg;4
./Mercedes/R107.jpg;7
./Mercedes/R107_1.jpg;7
./Mercedes/R129.jpg;6
./Mercedes/R230.jpg;6
./Mercedes/R230_1.jpg;6
./Mercedes/R231.jpg;7
./Mercedes/R231_1.jpg;7
./Mercedes/R232.jpg;7
./Mercedes/R232_1.jpg;7
./Mercedes/S123.jpg;1
./Mercedes/S124.jpg;1
./Mercedes/S124_1.jpg;1
./Mercedes/S202.jpg;1
./Mercedes/S203.png;1
./Mercedes/S204.jpg;1
./Mercedes/S206.jpg;1
./Mercedes/S211.jpg;1
./Mercedes/S212.jpg;1
./Mercedes/S213.jpg;1
./Mercedes/S214.jpg;1
./Mercedes/W111.JPG;8
./Mercedes/W116.jpg;2
./Mercedes/W116_1.jpg;2
./Mercedes/W123.jpg;1
./Mercedes/W123_1.jpg;1
./Mercedes/W124.jpg;1
./Mercedes/W124_1.jpg;1
./Mercedes/W126.jpg;2
./Mercedes/W126_1.jpg;2
./Mercedes/W140.jpg;2
./Mercedes/W140_1.jpg;2
./Mercedes/W163.jpg;3
./Mercedes/W163_1.jpg;3
./Mercedes/W164.jpg;3
./Mercedes/W164_1.jpg;3
./Mercedes/W166.jpg;3
./Mercedes/W166_1.jpg;3
./Mercedes/W167.jpg;3
./Mercedes/W167_1.jpg;3
./Mercedes/W168.jpg;8
./Mercedes/W168_1.jpg;8
./Mercedes/W169.jpg;8
./Mercedes/W169_1.JPG;8
./Mercedes/W176.jpg;3
./Mercedes/W176_1.jpg;3
./Mercedes/W177.jpg;3
./Mercedes/W177_1.jpg;3
./Mercedes/W201.jpg;2
./Mercedes/w201_1.jpg;2
./Mercedes/W202.jpg;2
./Mercedes/w202_2.jpg;2
./Mercedes/W203.jpg;2
./Mercedes/W203_1.jpg;2
./Mercedes/W204.jpg;2
./Mercedes/W204_1.jpg;2
./Mercedes/W205.jpg;2
./Mercedes/W205_1.jpg;2
./Mercedes/W206.jpg;2
./Mercedes/W206_1.jpg;2
./Mercedes/W210.jpg;1
./Mercedes/W210_1.jpg;1
./Mercedes/W211.jpg;1
./Mercedes/W211_1.jpg;1
./Mercedes/W212.jpg;1
./Mercedes/W212_1.jpg;1
./Mercedes/W213.jpg;1
./Mercedes/W213_1.jpg;1
./Mercedes/W214.jpg;1
./Mercedes/W214_1.jpg;1
./Mercedes/W220.jpg;2
./Mercedes/W220_1.jpg;2
./Mercedes/W221.jpg;2
./Mercedes/W221_1.JPG;2
./Mercedes/W222.JPG;2
./Mercedes/W222_1.jpg;2
./Mercedes/W223.jpg;2
./Mercedes/W223_1.jpg;2
./Mercedes/W245.jpg;8
./Mercedes/W245_1.jpg;8
./Mercedes/W246.jpg;8
./Mercedes/W246_1.jpg;8
./Mercedes/W247.jpg;4
./Mercedes/W247_1.jpg;4
./Mercedes/W460.jpg;0
./Mercedes/W461.JPG;0
./Mercedes/W461_1.jpg;5
./Mercedes/W463.jpg;5
./Mercedes/W463_1.jpg;5
./Mercedes/X218.jpg;1
./Mini/Cabrio.jpg;10
./Mini/Cabrio_1.jpg;10
./Mini/Cabrio_2.jpg;10
./Mini/Cabrio_3.jpg;10
./Mini/Cabrio_4.jpg;10
./Mini/Cabrio_5.jpg;10
./Mini/CabrIo_6.jpg;10
./Mini/Clubman.jpg;10
./Mini/Clubman_1.jpg;6
./Mini/Clubman_2.JPG;6
./Mini/Clubman_3.jpg;6
./Mini/Clubman_4.jpg;6
./Mini/Countryman.JPG;7
./Mini/Countryman_1.jpg;4
./Mini/Countryman_2.jpg;4
./Mini/Countryman_3.jpg;4
./Mini/Countryman_4.jpg;4
./Mini/Countryman_5.jpg;4
./Mini/Mini.jpg;8
./Mini/Mini_1.jpg;8
./Mini/Mini_10.jpg;8
./Mini/Mini_11.jpg;8
./Mini/Mini_12.jpg;8
./Mini/Mini_2.jpg;8
./Mini/Mini_3.jpg;8
./Mini/Mini_4.jpg;8
./Mini/Mini_5.jpg;10
./Mini/Mini_6.jpg;10
./Mini/Mini_7.jpg;8
./Mini/Mini_8.jpg;8
./Mini/Mini_9.jpg;8
./Mini/Paceman.jpg;8
./Mini/Paceman_1.jpg;8
./Peugeot/106.jpg;3
./Peugeot/106_1.jpg;3
./Peugeot/205.jpg;5
./Peugeot/205_1.jpg;5
./Peugeot/206.jpg;5
./Peugeot/206CC.jpg;9
./Peugeot/206CC_1.jpg;9
./Peugeot/206_1.jpg;5
./Peugeot/207.jpg;4
./Peugeot/207CC.jpg;7
./Peugeot/207CC_1.jpg;7
./Peugeot/207_1.jpg;4
./Peugeot/208.jpg;3
./Peugeot/208_1.jpg;3
./Peugeot/208_2.jpg;3
./Peugeot/208_3.jpg;3
./Peugeot/306.jpg;3
./Peugeot/306_1.jpg;3
./Peugeot/307.jpg;3
./Peugeot/307_1.jpg;3
./Peugeot/308.jpg;3
./Peugeot/308_1.JPG;3
./Peugeot/308_2.jpg;3
./Peugeot/308_3.jpg;3
./Peugeot/308_4.jpg;3
./Peugeot/308_5.jpg;3
./Peugeot/405.jpg;2
./Peugeot/405_1.jpg;2
./Peugeot/406.jpg;2
./Peugeot/406C.jpg;6
./Peugeot/406C_1.jpg;6
./Peugeot/406_1.jpg;2
./Peugeot/406_2.jpg;2
./Peugeot/407.jpg;2
./Peugeot/407C.jpg;7
./Peugeot/407_1.jpg;2
./Peugeot/407_2.jpg;2
./Peugeot/508.jpg;3
./Peugeot/508_1.jpg;3
./Peugeot/508_2.jpg;3
./Peugeot/508_3.jpg;3
./Peugeot/508_4.jpg;3
./Peugeot/605.jpg;2
./Peugeot/605_1.jpg;2
./Peugeot/605_2.jpg;2
./Peugeot/607.JPG;2
./Peugeot/607_1.jpg;2
./Peugeot/Partner.jpg;0
./Peugeot/Partner_1.jpg;0
./Polonez/1.jpg;1
./Polonez/2.jpg;1
./Polonez/3.jpg;1
./Polonez/4.jpg;1
./Polonez/5.JPG;1
./Polonez/6.jpg;4
./Polonez/7.jpg;1
./Polonez/8.jpg;1
./Polonez/9.jpg;5
./Polonez/Truck.JPG;0
./Polonez/Truck_1.jpg;0
./Polonez/Truck_2.jpg;0
./Polonez/Truck_3.jpg;0
./Polonez/Truck_4.jpg;0
./Polonez/Truck_5.jpg;0
./Polonez/Truck_6.jpg;0
./Renault/Avantime.jpg;8
./Renault/Clio.jpg;3
./Renault/Clio_10.jpg;3
./Renault/Clio_2.jpg;3
./Renault/Clio_3.jpg;3
./Renault/Clio_4.jpg;3
./Renault/Clio_5.jpg;3
./Renault/Clio_6.JPG;3
./Renault/Clio_7.jpg;3
./Renault/Clio_8.jpg;3
./Renault/Clio_9.jpg;3
./Renault/Laguna.jpg;2
./Renault/Laguna_1.jpg;2
./Renault/Laguna_2.jpg;1
./Renault/Laguna_3.jpg;2
./Renault/Laguna_4.jpg;2
./Renault/Laguna_5.JPG;1
./Renault/Laguna_6.jpg;1
./Renault/Laguna_7.JPG;2
./Renault/Laguna_8.jpg;1
./Renault/Laguna_9.jpg;4
./Renault/Megane.jpg;3
./Renault/Megane_1.jpg;3
./Renault/Megane_10.JPG;3
./Renault/Megane_11.jpg;3
./Renault/Megane_12.jpg;3
./Renault/Megane_13.jpg;3
./Renault/Megane_2.jpg;3
./Renault/Megane_3.JPG;3
./Renault/megane_4.jpg;3
./Renault/Megane_5.jpg;3
./Renault/Megane_6.jpg;3
./Renault/Megane_7.jpg;3
./Renault/Megane_8.jpg;3
./Renault/megane_9.jpg;3
./Renault/Twingo.jpg;10
./Renault/Twingo_1.jpg;10
./Renault/Twingo_2.jpg;10
./Renault/Twingo_3.jpg;10
./Renault/Twingo_4.jpg;10
./Renault/Twingo_5.jpg;10
./Renault/Twingo_6.jpg;10
./Scion/xB.jpg;5
./Scion/xBTruck.jpg;3
./Scion/xBtruck_1.jpg;3
./Scion/xB_1.jpg;5
./Scion/xB_2.jpg;5
./Scion/xB_3.jpg;5
./Seat/Alhambra.jpg;1
./Seat/Alhambra_1.jpg;1
./Seat/arosa.jpg;4
./Seat/Arosa_1.jpg;6
./Seat/Arosa_2.jpg;4
./Seat/Arosa_3.jpg;4
./Seat/Arosa_4.jpg;6
./Seat/Arosa_5.jpg;6
./Seat/exeo.jpg;2
./Seat/Exeo_1.jpg;2
./Seat/Exeo_2.jpg;2
./Seat/Exeo_3.JPG;1
./Seat/Ibiza.jpg;2
./Seat/Ibiza_10.jpg;2
./Seat/Ibiza_2.jpg;2
./Seat/Ibiza_3.jpg;2
./Seat/Ibiza_4.jpg;2
./Seat/Ibiza_5.jpg;2
./Seat/Ibiza_6.jpg;2
./Seat/Ibiza_7.JPG;2
./Seat/Ibiza_8.jpg;2
./Seat/Ibiza_9.jpg;2
./Seat/Leon.jpg;3
./Seat/Leon_1.jpg;3
./Seat/Leon_2.jpg;3
./Seat/Leon_3.jpg;3
./Seat/Leon_4.jpg;3
./Seat/Leon_5.jpg;3
./Seat/Leon_6.jpg;3
./Seat/Leon_7.jpg;3
./Seat/Toledo.jpg;1
./Seat/Toledo_1.jpg;1
./Skoda/Fabia.jpg;1
./Skoda/Fabia_1.jpg;1
./Skoda/Fabia_2.jpg;1
./Skoda/Fabia_3.JPG;1
./Skoda/Fabia_4.jpg;1
./Skoda/Fabia_5.jpg;1
./Skoda/Fabia_6.jpg;1
./Skoda/Fabia_7.jpg;1
./Skoda/Fabia_8.jpg;1
./Skoda/Fabia_9.jpg;1
./Skoda/Octavia.jpg;1
./Skoda/Octavia_1.jpg;1
./Skoda/Octavia_10.jpg;1
./Skoda/Octavia_11.jpg;1
./Skoda/Octavia_2.jpg;1
./Skoda/Octavia_3.jpg;1
./Skoda/Octavia_4.jpg;1
./Skoda/Octavia_5.jpg;1
./Skoda/Octavia_6.jpg;1
./Skoda/Octavia_7.jpg;1
./Skoda/Octavia_8.jpg;1
./Skoda/Octavia_9.jpg;1
./Skoda/Superb.jpg;1
./Skoda/Superb_.jpg;1
./Skoda/Superb_1.jpg;1
./Skoda/Superb_2.jpg;1
./Skoda/Superb_4.jpg;1
./Skoda/Superb_5.jpg;1
./Skoda/Superb_6.jpg;1
./Skoda/Superb_7.jpg;1
./Skoda/Superb_8.jpg;1
./Skoda/Yeti.jpg;3
./Subaru/Baja.jpg;5
./Subaru/Baja_2.jpg;5
./Subaru/Baja_3.jpg;5
./Subaru/BRZ.jpg;7
./Subaru/BRZ_1.jpg;7
./Subaru/BRZ_2.jpg;7
./Subaru/BRZ_3.jpg;7
./Subaru/BRZ_4.jpg;7
./Subaru/BRZ_5.jpg;7
./Subaru/Forester.jpg;3
./Subaru/Forester_1.jpg;3
./Subaru/Forester_2.jpg;3
./Subaru/Forester_3.jpg;3
./Subaru/Forester_4.jpg;3
./Subaru/Forester_5.jpg;3
./Subaru/Forester_6.jpg;3
./Subaru/Forester_7.jpg;3
./Subaru/Forester_8.jpg;3
./Subaru/Forester_9.jpg;3
./Subaru/Impreza.jpg;4
./Subaru/Impreza_1.jpg;4
./Subaru/Impreza_10.jpg;6
./Subaru/Impreza_2.jpg;4
./Subaru/Impreza_3.jpg;4
./Subaru/Impreza_4.jpg;4
./Subaru/Impreza_5.jpg;2
./Subaru/Impreza_6.jpg;2
./Subaru/Impreza_7.jpg;6
./Subaru/Impreza_8.jpg;6
./Subaru/Impreza_9.jpg;6
./Subaru/Legacy.jpg;2
./Subaru/Legacy_2.jpg;2
./Subaru/Outback.jpg;4
./Subaru/Outback_1.jpg;4
./Subaru/Outback_2.jpg;4
./Subaru/Outback_3.jpg;4
./Subaru/Outback_4.jpg;4
./Subaru/Outback_5.jpg;4
./Suzuki/Cappuccino.jpg;10
./Suzuki/Cappuccino_1.jpg;10
./Suzuki/Cappuccino_3.jpg;10
./Suzuki/SwiftVI.jpg;5
./Suzuki/SwiftVI_2.jpg;5
./Suzuki/SX4.jpg;3
./Suzuki/SX4_1.jpg;3
./Suzuki/X-90.jpg;10
./Suzuki/x90_1.jpg;10
./Suzuki/ZC31S.jpg;8
./Suzuki/ZC31s_1.jpg;8
./Suzuki/ZC31S_2.jpg;8
./Suzuki/ZC32S.jpg;7
./Suzuki/ZC32S_1.jpg;7
./Suzuki/ZC33S.jpg;7
./Suzuki/ZC33S_1.jpg;7
./Toyota/Avensis.jpg;2
./Toyota/Avensis_1.jpg;2
./Toyota/Avensis_2.jpg;2
./Toyota/Avensis_3.jpg;2
./Toyota/Avensis_4.jpg;2
./Toyota/Avensis_5.jpg;2
./Toyota/Avensis_6.jpg;2
./Toyota/Avensis_7.jpg;2
./Toyota/Avensis_8.jpg;2
./Toyota/Aygo.JPG;6
./Toyota/Aygo_1.JPG;6
./Toyota/Aygo_2.jpg;6
./Toyota/Aygo_3.jpg;6
./Toyota/Corolla.jpg;1
./Toyota/Corolla_1.jpg;1
./Toyota/Corolla_10.jpg;1
./Toyota/Corolla_11.jpg;1
./Toyota/Corolla_2.jpg;1
./Toyota/Corolla_3.jpg;1
./Toyota/Corolla_4.jpg;1
./Toyota/Corolla_5.jpg;1
./Toyota/Corolla_6.jpg;1
./Toyota/Corolla_7.jpg;1
./Toyota/Corolla_8.jpg;1
./Toyota/Corolla_9.jpg;1
./Toyota/Prius.jpg;6
./Toyota/Prius_1.jpg;6
./Toyota/Prius_10.jpg;6
./Toyota/Prius_2.jpg;6
./Toyota/Prius_3.jpg;6
./Toyota/Prius_4.jpg;6
./Toyota/Prius_5.jpg;6
./Toyota/Prius_6.jpg;6
./Toyota/Prius_7.jpg;6
./Toyota/Prius_8.jpg;6
./Toyota/Prius_9.jpg;6
./Toyota/Yaris.jpg;6
./Toyota/Yaris_1.jpg;6
./Toyota/Yaris_2.jpg;6
./Toyota/Yaris_3.jpg;6
./Toyota/Yaris_4.jpg;6
./Toyota/Yaris_5.jpg;6
./Vaz/1600.jpg;1
./Vaz/1600_1.jpg;1
./Vaz/Lada1500.jpg;1
./Vaz/Lada1500_1.jpg;1
./Volkswagen/Arteon.jpg;7
./Volkswagen/Arteon_1.jpg;7
./Volkswagen/B3.jpg;2
./Volkswagen/B3_1.jpg;2
./Volkswagen/B3_2.jpg;2
./Volkswagen/B3_3.jpg;2
./Volkswagen/B4.jpg;2
./Volkswagen/B4_1.jpg;2
./Volkswagen/B4_2.JPG;2
./Volkswagen/B5.jpg;0
./Volkswagen/B5_1.jpg;0
./Volkswagen/B5_2.jpg;0
./Volkswagen/B5_3.jpg;0
./Volkswagen/B6.jpg;3
./Volkswagen/B6_1.jpg;3
./Volkswagen/B6_2.jpg;3
./Volkswagen/B8.jpg;2
./Volkswagen/B8_1.jpg;2
./Volkswagen/B9.jpg;2
./Volkswagen/B9_1.jpg;2
./Volkswagen/Bora.jpg;1
./Volkswagen/Bora_1.jpg;1
./Volkswagen/Bug.jpg;9
./Volkswagen/Bug_1.jpg;9
./Volkswagen/Bug_2.jpg;9
./Volkswagen/Bug_3.jpg;9
./Volkswagen/Bug_4.jpg;9
./Volkswagen/Bug_5.jpg;9
./Volkswagen/Buzz.jpg;9
./Volkswagen/Buzz_1.jpg;9
./Volkswagen/Down.jpeg;6
./Volkswagen/Golf.jpg;2
./Volkswagen/Golf_1.jpg;2
./Volkswagen/Golf_10.jpg;2
./Volkswagen/Golf_11.jpg;2
./Volkswagen/Golf_12.jpg;2
./Volkswagen/Golf_13.jpg;2
./Volkswagen/Golf_14.JPG;2
./Volkswagen/Golf_15.jpg;2
./Volkswagen/Golf_16.jpg;2
./Volkswagen/Golf_17.jpg;2
./Volkswagen/Golf_18.jpg;2
./Volkswagen/Golf_19.jpg;2
./Volkswagen/Golf_2.jpg;2
./Volkswagen/Golf_20.jpg;2
./Volkswagen/Golf_3.jpg;2
./Volkswagen/Golf_4.jpg;2
./Volkswagen/Golf_5.jpg;2
./Volkswagen/Golf_6.jpg;2
./Volkswagen/Golf_7.jpg;2
./Volkswagen/Golf_8.jpg;2
./Volkswagen/Golf_9.JPG;2
./Volkswagen/Jetta.jpg;2
./Volkswagen/Jetta_1.jpg;2
./Volkswagen/PassatII.jpg;0
./Volkswagen/Vento.jpg;2
./Volkswagen/Vento_1.jpg;1
./Volvo/200.jpg;3
./Volvo/200_1.jpg;3
./Volvo/200_2.jpg;3
./Volvo/200_3.jpg;1
./Volvo/200_4.jpg;3
./Volvo/200_5.jpg;3
./Volvo/200_6.jpg;3
./Volvo/200_7.jpg;3
./Volvo/740.jpg;1
./Volvo/740_1.jpg;0
./Volvo/740_2.jpg;1
./Volvo/740_3.jpg;0
./Volvo/760_1.jpg;2
./Volvo/760_2.jpg;2
./Volvo/760_3.JPG;1
./Volvo/850.jpg;2
./Volvo/850_1.jpg;2
./Volvo/850_2.jpg;1
./Volvo/940.jpg;2
./Volvo/940_1.jpg;1
./Volvo/940_2.jpg;2
./Volvo/960.jpg;1
./Volvo/960_1.jpeg;1
./Volvo/960_2.jpg;2
./Volvo/C30.jpg;7
./Volvo/C30_1.jpg;7
./Volvo/S40.jpg;1
./Volvo/S40_1.jpg;1
./Volvo/S40_2.jpg;1
./Volvo/S40_3.JPG;5
./Volvo/S60.jpg;5
./Volvo/S60_1.jpg;5
./Volvo/S60_2.jpg;1
./Volvo/S60_3.jpg;1
./Volvo/S60_4.jpg;1
./Volvo/S60_5.jpg;1
./Volvo/S70.JPG;2
./Volvo/S80.jpg;2
./Volvo/S80_1.jpg;2
./Volvo/S80_2.jpg;2
./Volvo/S80_3.jpg;2
./Volvo/S80_4.jpg;2
./Volvo/S80_5.jpg;2
./Volvo/S90.jpg;4
./Volvo/S90_1.jpg;4
./Volvo/V40.jpg;0
./Volvo/V70.jpg;2
./Volvo/V70_1.jpg;2
./Volvo/V70_2.jpg;2
./Volvo/V70_3.jpg;2
./Volvo/V70_4.jpg;2
./Volvo/V70_5.jpg;2
./Volvo/V70_6.JPG;2
./Volvo/V70_7.JPG;2
./Volvo/XC90.jpg;1
./Volvo/XC90_1.jpg;1
./Volvo/XC90_2.jpg;1
./Volvo/XC90_3.jpg;1
./Volvo/XC90_4.jpg;1
./Volvo/XC90_5.jpg;1
./Zil/111.jpg;1
./Zil/111_1.jpg;1
./Zil/114.jpg;1
./Zil/114_1.jpg;1
./Zil/115.jpg;1
./Zil/115_1.jpg;1
./Zil/117.jpg;1
./Zil/4101.jpg;1
./Zil/4102.jpg;1
./Zil/41041.JPG;1
./Zil/41047.jpg;1
./Zil/41047_1.jpg;1
./Zil/41047_2.jpg;1
